Wall time,Step,Value
1673782187.7871609,15000,0.16326923668384552
