Wall time,Step,Value
1673782187.786867,15000,61.349998474121094
