Wall time,Step,Value
1673782187.7867658,15000,1955.7454833984375
