Wall time,Step,Value
1673782187.787105,15000,7.670000076293945
